X,Y,osm_id,building,addr:housenumber,name,operator,man_made,power,building:levels,roof:shape,roof:levels,addr:street,wall,addr:postcode,addr:country,addr:city,substation,voltage,street_cabinet
1.56682688567107,43.4827436501801,391900644,detached,,,,,,1,gabled,0,,,,,,,,
1.56653019576595,43.4830753819531,480740226,detached,,,,,,1,gabled,0,,,,,,,,
1.5666332937727,43.4829415487834,480740281,detached,,,,,,1,gabled,0,,,,,,,,
1.56616272614869,43.4834449531066,480739657,detached,,,,,,1,gabled,0,,,,,,,,
1.56604563135337,43.4835735057348,513171937,detached,,,,,,1,gabled,0,,,,,,,,
1.56591653500788,43.4837145575876,480739540,detached,,,,,,1,gabled,0,,,,,,,,
1.56641030782781,43.4831945995624,480739980,detached,,,,,,1,gabled,0,,,,,,,,
1.56631545347683,43.4833181980582,480739834,detached,,,,,,1,pyramidal,0,,,,,,,,
1.56685964390673,43.4832452512605,513171945,detached,,,,,,1,gabled,0,,,,,,,,
1.56672611815501,43.4833837428932,513171944,detached,,,,,,1,gabled,0,,,,,,,,
1.56659223061414,43.4835190883265,513171943,detached,,,,,,1,gabled,0,,,,,,,,
1.56654739675444,43.4836724037097,513171942,detached,,,,,,1,gabled,0,,,,,,,,
1.56631926332853,43.4837991705162,513171941,detached,,,,,,2,gabled,0,,,,,,,,
1.56682532081132,43.4838290585579,514028933,detached,,,,,,1,gabled,0,Rue des saules,,,,,,,
1.56737981004914,43.4827701633033,513171947,detached,,,,,,1,gabled,0,,,,,,,,
1.56719647919832,43.4829486502341,513171946,detached,,,,,,1,gabled,0,,,,,,,,
1.56701557746491,43.4831373267247,480740593,detached,,,,,,1,hipped,0,,,,,,,,
1.56747183384421,43.4830700534113,514028929,detached,,,,,,1,gabled,0,Rue des saules,,,,,,,
1.56786427666638,43.4826977814362,391900639,detached,,,,,,1,gabled,0,,,,,,,,
1.56773711091778,43.4828423312093,391900638,detached,,,,,,1,gabled,0,,,,,,,,
1.56761518389955,43.4829424152333,514028928,detached,,,,,,1,pyramidal,0,Rue des saules,,,,,,,
1.56794074759301,43.4830642436661,391900647,house,267,,,,,1,pyramidal,0,Rue des Saules,no,,,,,,
1.56826261256559,43.4829107932122,514028927,detached,,,,,,1,gabled,0,,,,,,,,
1.56797740152538,43.4830877141186,391900641,detached,,,,,,1,pyramidal,0,,,,,,,,
1.5672632050671,43.483254805315,514028930,detached,,,,,,1,gabled,0,Rue des saules,,,,,,,
1.5670587,43.4835169,391900645,house,,,,,,1,gabled,0,Rue des saules,no,,,,,,
1.56716720999807,43.4834345237091,514028931,detached,,,,,,1,gabled,0,Rue des saules,,,,,,,
1.56759697656982,43.4834426179955,391900652,house,213,,,,,1,hipped,0,Rue des saules,no,,,,,,
1.56706045923409,43.48356979767,391900655,detached,,,,,,1,gabled,0,,,,,,,,
1.56692994753048,43.4837155660996,514028932,detached,,,,,,1,hipped,0,Rue des saules,,,,,,,
1.56728303646793,43.4838673012523,923035408,house,,,,,,,,,Rue des Saules,,31450,FR,Montlaur,,,
1.56755853151183,43.4837257261115,923035409,house,,,,,,,,,Rue des Saules,,31450,FR,Montlaur,,,
1.56785194716816,43.4832187791774,391900640,detached,,,,,,1,hipped,0,Rue des saules,,,,,,,
1.5676530387895,43.4834693354231,391900642,detached,,,,,,1,hipped,0,Rue des saules,,,,,,,
1.56843676815978,43.4828058023487,961711612,detached,,,,,,,,,,,,,,,,
1.5710665,43.4826925,129006244,yes,,,,,,,,,,,,,,,,
1.57742814970582,43.48377394796,117767878,yes,,,,,,,,,,,,,,,,
1.56228421766166,43.4861356973007,130378263,yes,,,,,,,,,,,,,,,,
1.56545226993848,43.4842050995744,395062224,detached,,,,,,1,gabled,0,,,,,,,,
1.56514252375811,43.4844851929256,321703226,house,,,,,,,,,,,,,,,,
1.56522013776414,43.4843153011841,321703218,house,,,,,,,,,,no,,,,,,
1.56525527677662,43.4843635436938,321703211,house,,,,,,,,,,,,,,,,
1.56513475717944,43.4849518522771,513171939,detached,,,,,,1,gabled,0,,,,,,,,
1.565382820614,43.4852141011327,391900643,detached,,,,,,1,hipped,0,,,,,,,,
1.56403268507811,43.4859386038558,117851021,detached,,,,,,1,,0,,,,,,,,
1.563956,43.4859851,117851033,detached,,,,,,1,,0,,no,,,,,,
1.5640505,43.4859881,117851049,detached,,,,,,1,,0,,no,,,,,,
1.56410119193366,43.4861985951323,117851027,detached,,,,,,1,,0,,no,,,,,,
1.56376686448117,43.4866301049697,117851087,detached,,,,,,1,,0,,no,,,,,,
1.56395536754063,43.4864571026216,117851094,detached,,,,,,1,,0,,no,,,,,,
1.56416414589639,43.48641679139,117851072,detached,,,,,,,,,,,,,,,,
1.56399677986652,43.4864982327723,117851065,detached,,,,,,1,,0,,,,,,,,
1.56456448176557,43.4853234931721,117851079,garage,,,,,,,,,,,,,,,,
1.56455017598532,43.4854169975821,117851058,detached,,,,,,,,,,no,,,,,,
1.56472304231614,43.4852614925043,117851101,detached,,,,,,,,,,no,,,,,,
1.56475858111259,43.4853205434741,117851034,detached,,,,,,,,,,,,,,,,
1.56457055170093,43.4854752438313,117851038,detached,,,,,,,,,,,,,,,,
1.56424193506475,43.4857148025421,117851050,detached,,,,,,1,,0,,,,,,,,
1.5647074,43.4857431,117851060,detached,,,,,,,,,,no,,,,,,
1.56473412793459,43.4857950394315,117851081,detached,,,,,,,,,,,,,,,,
1.56460231188199,43.4858540985779,117851037,detached,,,,,,,,,,,,,,,,
1.56478841784463,43.4859040509237,117851028,detached,,,,,,,,,,no,,,,,,
1.56483003259295,43.4859129970171,117851089,detached,,,,,,,,,,,,,,,,
1.56518873631104,43.4854414016716,117851057,detached,,,,,,,,,,,,,,,,
1.56543788778684,43.4854040930541,117851026,detached,,,,,,,,,,,,,,,,
1.56549454343376,43.4854300929569,117851088,hut,,,,,,,,,,,,,,,,
1.56552945466477,43.4855857989848,117851074,detached,,,,,,,,,,no,,,,,,
1.56508816254071,43.4859261844044,117851016,detached,,,,,,,,,,,,,,,,
1.56548388762727,43.4856478555861,117851022,detached,,,,,,,,,,,,,,,,
1.56422643239834,43.4861880044102,117851013,detached,,,,,,1,,0,,no,,,,,,
1.56424889661823,43.4862707564212,117851020,detached,,,,,,1,,0,,,,,,,,
1.56466958841587,43.4860464197913,117851103,detached,,,,,,,,,,,,,,,,
1.56453133091967,43.4863431270388,117851102,detached,,,,,,,,,,,,,,,,
1.56477527899062,43.4864314014846,117851023,detached,,,,,,,,,,no,,,,,,
1.56477591007107,43.486496958858,117851100,detached,,,,,,,,,,,,,,,,
1.56504501909861,43.4862110021874,117851029,detached,,,,,,,,,,,,,,,,
1.56510757901122,43.4862695008797,117851096,detached,,,,,,,,,,no,,,,,,
1.56546988047086,43.4860230835557,117851059,detached,,,,,,,,,,,,,,,,
1.56548159608967,43.4859683981052,117851069,detached,,,,,,,,,,no,,,,,,
1.56542125949316,43.4862137063072,117851054,yes,,,,,,,,,,no,,,,,,
1.5651269,43.4865937,117851075,detached,,,,,,,,,,no,,,,,,
1.56536166470047,43.4863684339758,117851015,detached,,,,,,,,,,no,,,,,,
1.5655113296937,43.4864126903928,117851084,detached,,,,,,,,,,,,,,,,
1.5616707,43.487215,117918401,yes,,,,,,,,,,,,,,,,
1.56233858734791,43.4866678002336,117918371,detached,,,,,,,,,,,,,,,,
1.56262053973351,43.486680856299,117918382,detached,,,,,,,,,,,,,,,,
1.56279513712749,43.4868551036014,117918408,detached,,,,,,,,,,no,,,,,,
1.56233171719986,43.4872315351461,117918387,yes,,,,,,,,,,,,,,,,
1.5624397,43.4871551,117918405,yes,,,,,,,,,,no,,,,,,
1.5621002,43.4873772,117918368,yes,,,,,,,,,,no,,,,,,
1.56206912081215,43.4874244497912,117918367,yes,,,,,,,,,,,,,,,,
1.56184921742899,43.4875754465582,117918414,yes,,,,,,,,,,,,,,,,
1.56196876248821,43.4875676425071,117918418,yes,,,,,,,,,,no,,,,,,
1.56228913690553,43.4874014964002,117918396,yes,,,,,,,,,,,,,,,,
1.56225431865003,43.4874235035998,117918388,yes,,,,,,,,,,no,,,,,,
1.56272591900874,43.4873508021441,117918394,yes,,,,,,,,,,no,,,,,,
1.56269291292532,43.487378591075,117918392,yes,,,,,,,,,,,,,,,,
1.56210031163182,43.4892795001991,117955065,yes,,,,,,,,,,no,,,,,,
1.56206540830957,43.4893530540209,117955317,yes,,,,,,,,,,,,,,,,
1.56262348627541,43.4887758223243,117918403,yes,,,,,,,,,,,,,,,,
1.56239566501354,43.4892072705833,117955364,yes,,,,,,,,,,,,,,,,
1.56283809341606,43.4868932588215,117918419,detached,,,,,,,,,,,,,,,,
1.56332958142177,43.4868038467158,183778411,detached,,,,,,1,,0,,no,,,,,,
1.56341295397838,43.4868603264684,183778410,detached,,,,,,1,,0,,,,,,,,
1.56283099460505,43.487188701288,117918370,detached,,,,,,1,,1,,no,,,,,,
1.562869979085,43.4872136977119,117918379,detached,,,,,,1,,1,,,,,,,,
1.56339253094364,43.4872497963377,183778399,detached,,,,,,2,,0,,no,,,,,,
1.56343433843046,43.4872818088071,117918416,detached,,,,,,2,,0,,,,,,,,
1.56379591315203,43.4866820923666,117851073,detached,,,,,,1,,0,,,,,,,,
1.56361550068831,43.4868304129379,117851064,detached,,,,,,1,,0,,,,,,,,
1.56380656869114,43.486848095734,183778389,yes,,,,,,,,,,,,,,,,
1.56397820946566,43.4868848153615,117851041,detached,,,,,,,,,,,,,,,,
1.5641212317827,43.4870517978766,117851080,detached,,,,,,1,skillion,1,,,,,,,,
1.56358966766175,43.4874346478393,117918389,detached,,,,,,,,,,,,,,,,
1.56393486526512,43.4875699866962,117918400,detached,,,,,,,,,,,,,,,,
1.56405297457842,43.4875330796482,117918395,shed,,,,,,,,,,,,,,,,
1.56372236896062,43.487715408069,117918420,yes,,,,,,,,,,no,,,,,,
1.56365627447933,43.4878097074942,117918384,yes,,,,,,,,,,,,,,,,
1.56431077508769,43.4869114016755,117851042,yes,,,,,,,,,,,,,,,,
1.56435854564428,43.4872198944471,117851066,detached,,,,,,2,,0,,,,,,,,
1.5646807,43.4870275,117851043,yes,,,,,,,,,,no,,,,,,
1.56472521128689,43.4869928685182,117851067,yes,,,,,,,,,,,,,,,,
1.56508811785113,43.4866374587866,117851095,detached,,,,,,,,,,,,,,,,
1.56531786142154,43.4866975989848,117851052,detached,,,,,,,,,,no,,,,,,
1.56532818998215,43.4867381652458,117851030,detached,,,,,,,,,,,,,,,,
1.56550522543587,43.4869209071852,117851044,shed,,,,,,,,,,no,,,,,,
1.56535536347459,43.4869770066768,117851053,yes,,,,,,,,,,,,,,,,
1.56475594997743,43.4874400373937,117851090,detached,,,,,,1,,1,,,,,,,,
1.56420424844934,43.4877319352041,117918411,detached,,,,,,1,,0,,,,,,,,
1.56463817105367,43.4877974643982,183778405,shed,,,,,,,,,,,,,,,,
1.56460065719436,43.4879464983062,117918385,detached,,,,,,2,,1,,no,,,,,,
1.56455609543587,43.4880117364887,117918376,detached,,,,,,2,,1,,,,,,,,
1.56494341425067,43.4873866949347,117851062,detached,,,,,,,,,,,,,,,,
1.56510579471346,43.4873809414773,117851055,yes,,,,,,,,,,,,,,,,
1.56496673998519,43.4875290792732,117851070,detached,,,,,,,,,,no,,,,,,
1.56489307604351,43.4875949057571,117851047,detached,,,,,,1,gabled,1,,,,,,,,
1.56550251308335,43.4873851424669,183778413,yes,,,,,,,,,,,,,,,,
1.56517384730453,43.4877195833349,117851024,detached,,,,,,1,gabled,1,,,,,,,,
1.56554403115166,43.4878620103779,117851077,detached,,,,,,1,,0,,,,,,,,
1.56345500008104,43.4890052309942,117955074,yes,,,,,,,,,,no,,,,,,
1.5628485815964,43.4891433979265,117955171,yes,,,,,,,,,,,,,,,,
1.56296077032127,43.4893510105721,117955092,yes,,,,,,,,,,no,,,,,,
1.56303011106121,43.4893198012393,117955123,yes,,,,,,,,,,,,,,,,
1.56348839335565,43.4890656924882,117955262,yes,,,,,,,,,,,,,,,,
1.5632205,43.4893522,117955175,yes,,,,,,,,,,,,,,,,
1.56412553938261,43.488953388214,117955117,yes,,,,,,,,,,no,,,,,,
1.5644527,43.4882879,117918391,yes,,,,,,,,,,no,,,,,,
1.56445165795796,43.488322867217,117918404,yes,,,,,,,,,,,,,,,,
1.56478102353985,43.4882091945596,117918398,yes,,,,,,,,,,no,,,,,,
1.56474619174602,43.4886222009457,117955129,yes,,,,,,,,,,no,,,,,,
1.5647969670414,43.4886544537663,117955058,yes,,,,,,,,,,,,,,,,
1.56488547430546,43.4881670915552,117918417,detached,,,,,,,,,,,,,,,,
1.56528490925127,43.4881938696943,961714921,detached,,,,,,,,,,,,,,,,
1.56500248627316,43.4886157452056,117955142,yes,,,,,,,,,,no,,,,,,
1.56539633737748,43.4885010117642,117955234,yes,,,,,,,,,,,,,,,,
1.56420979990405,43.4889560873175,117955054,yes,,,,,,,,,,no,,,,,,
1.56440475109124,43.4889535964971,117955300,yes,,,,,,,,,,no,,,,,,
1.56465246118978,43.4888830025011,117955354,yes,,,,,,,,,,no,,,,,,
1.56427048267541,43.4890324277304,117955062,yes,,,,,,,,,,,,,,,,
1.56494751983109,43.4889005411692,117955160,yes,,,,,,,,,,no,,,,,,
1.56492914161859,43.488957855838,117955314,yes,,,,,,,,,,,,,,,,
1.56549204885217,43.4888684535367,117955178,yes,,,,,,,,,,,,,,,,
1.56496542936289,43.4891556044224,117955056,yes,,,,,,,,,,no,,,,,,
1.56512486335759,43.4892158212128,117955337,yes,,,,,,,,,,,,,,,,
1.56542739236253,43.4893782966456,117955070,yes,,,,,,,,,,,,,,,,
1.56554901411297,43.4893663857367,117955172,yes,,,,,,,,,,no,,,,,,
1.56567723547636,43.4839372005395,480739084,detached,,,,,,1,pyramidal,0,,,,,,,,
1.56556543185257,43.484093694911,513171938,detached,,,,,,1,hipped,0,,,,,,,,
1.56620643467596,43.4839142010985,480740770,detached,,,,,,1,gabled,0,,,,,,,,
1.56602766579199,43.4841177498092,513171940,detached,,,,,,1,hipped,0,,,,,,,,
1.56585784350089,43.4843336422887,321703224,detached,,,,,,1,hipped,0,,,,,,,,
1.56571825080074,43.4844089991522,321703217,detached,,,,,,1,gabled,0,,,,,,,,
1.56623637748578,43.4842819580325,514028692,detached,,,,,,1,gabled,0,Rue des saules,,,,,,,
1.56614253337543,43.4845004001508,321703220,detached,,,,,,1,gabled,0,,,,,,,,
1.56639705053523,43.4840544999812,395062225,detached,,,,,,,,,,no,,,,,,
1.56646931377223,43.4840619416977,395062219,detached,,,,,,1,hipped,0,Rue des saules,,,,,,,
1.56666275337302,43.4839423122371,514028934,detached,,,,,,1,hipped,0,Rue des saules,,,,,,,
1.56684919586265,43.4841838839123,514028935,detached,,,,,,1,hipped,0,Rue des saules,,,,,,,
1.5665329,43.4845537,395062226,detached,,,,,,1,hipped,0,,,,,,,,
1.56671563661502,43.4844803025333,923035407,house,,,,,,,,,Rue des Saules,,31450,FR,Montlaur,,,
1.56558637867047,43.4846144034967,395062223,detached,,,,,,1,gabled,0,,,,,,,,
1.5657676,43.4845933,395062227,shed,,,,,,,,,,,,,,,,
1.56602478732792,43.4846451997522,395062228,detached,,,,,,,,,,,,,,,,
1.56622993340535,43.4849778001413,321703221,detached,,,,,,1,gabled,0,,,,,,,,
1.56611809174396,43.4851112995822,321703204,detached,,,,,,1,gabled,0,,,,,,,,
1.56644359891707,43.4847050500258,321703229,detached,,,,,,1,gabled,0,,,,,,,,
1.56633715532881,43.4848556501236,395062220,detached,,,,,,1,hipped,,,,,,,,,
1.56642949486193,43.4852273001386,395062229,detached,,,,,,2,gabled,0,,,,,,,,
1.5656157697545,43.485266756818,321703222,detached,,,,,,1,gabled,0,,,,,,,,
1.56582374582346,43.4853134502541,391900649,detached,,,,,,1,gabled,0,,,,,,,,
1.56601128454446,43.4853880960734,391900646,house,300,,,,,1,gabled,0,Avenue des Chenes,no,,,,,,
1.5659755474223,43.4854318000599,391900637,detached,,,,,,,,,,,,,,,,
1.56618990211659,43.4855087500639,321703214,detached,,,,,,,,,,,,,,,,
1.56583717851697,43.4857863427848,117851068,detached,,,,,,,,,,,,,,,,
1.56615852177847,43.4859049964179,117851083,detached,,,,,,,,,,,,,,,,
1.56670927907609,43.4853554616726,321832070,house,249,,,,,1,hipped,0,Avenue des Chenes,no,,,,,,
1.56681008366823,43.4854081880913,321703205,detached,,,,,,,,,,,,,,,,
1.56640634408411,43.4856529867346,321703225,detached,,,,,,,,,,,,,,,,
1.56685291701554,43.4858501998052,321703228,detached,,,,,,,,,,,,,,,,
1.56572885676159,43.4861047345394,117851014,detached,,,,,,,,,,,,,,,,
1.5657808,43.4860669,117851036,detached,,,,,,,,,,no,,,,,,
1.56602970291998,43.4862698737539,117851097,detached,,,,,,,,,,,,,,,,
1.566045,43.4862127,117851078,detached,,,,,,,,,,no,,,,,,
1.56575923939831,43.486500189809,117851086,detached,,,,,,,,,,no,,,,,,
1.56579769661378,43.4865692002566,117851048,detached,,,,,,,,,,,,,,,,
1.56618724816434,43.4863402010236,117851063,detached,,,,,,,,,,no,,,,,,
1.5662188803545,43.4864072206604,117851031,detached,,,,,,,,,,,,,,,,
1.5661252356099,43.4865978932472,117851091,detached,,,,,,,,,,,,,,,,
1.56621468443054,43.4865894006847,117851025,detached,,,,,,,,,,,,,,,,
1.56650037255249,43.4861134585336,117851045,detached,,,,,,,,,,,,,,,,
1.56683883184056,43.4862842957289,117851040,detached,,,,,,,,,,no,,,,,,
1.56686102625538,43.4862548011887,117851035,detached,,,,,,,,,,,,,,,,
1.5662602,43.4866109,117851099,detached,,,,,,,,,,,,,,,,
1.56647244238906,43.4865367991487,117851061,detached,,,,,,,,,,,,,,,,
1.56654484226083,43.4864717982698,117851104,detached,,,,,,,,,,no,,,,,,
1.5669635055435,43.4855345214094,395062222,detached,,,,,,1,gabled,0,,,,,,,,
1.56713289711936,43.4855982999425,321703215,detached,,,,,,,,,,,,,,,,
1.56713545295758,43.4856810485205,395062221,shed,,,,,,,,,,,,,,,,
1.5677487551476,43.4859170542458,961711613,detached,,,,,,,,,,,,,,,,
1.56817566292653,43.4856671102121,130378266,house,,,,,,,,,,,,,,,,
1.56703054586549,43.4860571999509,321703216,detached,,,,,,,,,,,,,,,,
1.56720125,43.48598015,391900648,garage,,,,,,,,,,,,,,,,
1.56735310709066,43.4860772526892,321703208,detached,,,,,,,,,,,,,,,,
1.56757057149369,43.4861789480573,321703206,detached,,,,,,1,,0,,,,,,,,
1.5671402358946,43.4864273853721,117851032,detached,,,,,,,,,,,,,,,,
1.56739815290263,43.4864630027386,117851071,detached,,,,,,1,,0,,no,,,,,,
1.56746860886196,43.4865302380122,117851106,detached,,,,,,1,,0,,,,,,,,
1.56798008924921,43.486071078092,321703212,house,,,,,,1,,0,,no,,,,,,
1.56800219928092,43.4860494986935,321703210,detached,,,,,,1,,0,,,,,,,,
1.56807412419874,43.4860332596303,321703219,house,,,,,,1,,0,,no,,,,,,
1.5678227,43.4863032,391900653,detached,,,,,,1,,0,,,,,,,,
1.56791103985821,43.4863515003093,391900650,garage,,,,,,,,,,,,,,,,
1.56808016813028,43.4866043467021,321703223,detached,,,,,,1,,0,,,,,,,,
1.5682193,43.48647425,321703213,detached,,,,,,1,,0,,,,,,,,
1.5683331805533,43.4855099020301,130378260,house,,,,,,,,,,no,,,,,,
1.56831412596666,43.4863708796713,321703227,detached,,,,,,1,,0,,,,,,,,
1.5709547302649,43.4855991343881,117617435,yes,,,,,,,,,,,,,,,,
1.57091059519473,43.4857230575557,117617287,yes,,,,,,,,,,,,,,,,
1.57091894097387,43.4856924013565,117617319,yes,,,,,,,,,,no,,,,,,
1.57087203676254,43.485858150011,117617345,yes,,,,,,,,,,,,,,,,
1.57082221838513,43.4860985344521,117617337,yes,,,,,,,,,,,,,,,,
1.5708757600044,43.4861099087247,117617352,yes,,,,,,,,,,no,,,,,,
1.57074223625024,43.486296654999,117617424,yes,,,,,,,,,,,,,,,,
1.57066784052941,43.4863051943187,117617347,yes,,,,,,,,,,no,,,,,,
1.5706485,43.486611,117617344,yes,,,,,,,,,,no,,,,,,
1.5707246,43.4863677,117617444,yes,,,,,,,,,,no,,,,,,
1.57072406574036,43.4865386232905,117617315,yes,,,,,,,,,,,,,,,,
1.56559949937633,43.4869509000577,117851082,detached,,,,,,,,,,,,,,,,
1.56577757961501,43.487010504265,117851105,detached,,,,,,,,,,no,,,,,,
1.56589519638975,43.4870122220211,117851019,detached,,,,,,,,,,,,,,,,
1.5656617,43.487282,183778402,yes,,,,,,,,,,,,,,,,
1.56626793701793,43.4868234052387,117851056,detached,,,,,,,,,,,,,,,,
1.56692022112224,43.4866545209829,117851076,detached,,,,,,,,,,no,,,,,,
1.56691132082365,43.4867243592462,117851018,detached,,,,,,,,,,,,,,,,
1.5663274629507,43.4872095203202,183778419,detached,,,,,,1,,0,,,,,,,,
1.56664027663723,43.4871505136939,183778385,detached,,,,,,1,,0,,no,,,,,,
1.56667665006835,43.4871799926805,183778381,detached,,,,,,1,,0,,,,,,,,
1.56585496941507,43.487321000926,117851092,detached,,,,,,1,,0,,,,,,,,
1.56574672446622,43.487532604819,117851017,detached,,,,,,1,,0,,,,,,,,
1.5659224,43.4873625,117851098,detached,,,,,,1,,0,,no,,,,,,
1.56590635000032,43.4876423895991,117851039,detached,,,,,,1,,0,,no,,,,,,
1.56584887251703,43.4876923853645,117851085,detached,,,,,,1,,0,,,,,,,,
1.56711548588245,43.4868250973212,117851093,detached,,,,,,1,,1,,,,,,,,
1.56710783061655,43.4868790923878,117851046,detached,,,,,,1,,1,,no,,,,,,
1.56592790869558,43.4883436204436,117955298,detached,,,,,,,,,,,,,,,,
1.56559672318338,43.4884170062178,117955251,detached,,,,,,,,,,,,,,,,
1.56578885999639,43.4883744960162,117955362,detached,,,,,,,,,,no,,,,,,
1.5662037832007,43.48863042304,117955057,detached,,,,,,2,,0,,,,,,,,
1.56579813933536,43.4887299699474,117955105,yes,,,,,,,,,,no,,,,,,
1.56573860402824,43.4888230001099,117955347,yes,,,,,,,,,,,,,,,,
1.56580873473574,43.4888050135866,117955060,yes,,,,,,,,,,no,,,,,,
1.56567144959141,43.4889540119462,117955335,yes,,,,,,,,,,no,,,,,,
1.56564240531143,43.4889610138024,117955217,yes,,,,,,,,,,no,,,,,,
1.5662006,43.4892062,117955186,yes,,,,,,,,,,no,,,,,,
1.56592016543069,43.4893212950531,117955067,yes,,,,,,,,,,,,,,,,
1.56625968983416,43.4886974194727,117955071,garage,,,,,,,,,,no,,,,,,
1.56633997090947,43.4890244547608,117955127,yes,,,,,,,,,,,,,,,,
1.56664577663621,43.4887504018114,117955063,detached,,,,,,1,,0,,,,,,,,
1.5668239,43.4889591,117955089,yes,,,,,,,,,,,,,,,,
1.5668164080645,43.4890021005368,117955278,yes,,,,,,,,,,no,,,,,,
1.56624251552142,43.4892486855167,117955351,yes,,,,,,,,,,,,,,,,
1.5663291,43.4892097,117955242,yes,,,,,,,,,,no,,,,,,
1.56707800724969,43.4883612812797,117955200,detached,,,,,,,,,,,,,,,,
1.56742989676911,43.4883879959203,117955261,garage,,,,,,,,,,,,,,,,
1.56755254075526,43.4883949993489,117955130,yes,,,,,,,,,,,,,,,,
1.5681065,43.48819,117955345,yes,,,,,,,,,,,,,,,,
1.5681937360003,43.4882241258984,117955170,yes,,,,,,,,,,,,,,,,
1.56829200012428,43.4883320067504,117955080,yes,,,,,,,,,,,,,,,,
1.56765484037858,43.4885027004668,117955199,detached,,,,,,,,,,,,,,,,
1.56786070507717,43.488422688313,117955154,yes,,,,,,,,,,,,,,,,
1.56791233440823,43.4884866049629,117955219,detached,,,,,,,,,,no,,,,,,
1.56793522577442,43.488557114634,117955235,shed,,,,,,,,,,,,,,,,
1.56815535139861,43.4884888119611,117955249,house,,,,,,,,,,,,,,,,
1.56695427251945,43.4888391371636,117955338,detached,,,,,,,,,,,,,,,,
1.56733010137795,43.4889166330523,117955061,detached,,,,,,,,,,,,,,,,
1.56719089508528,43.4893619027375,117955349,yes,,,,,,,,,,no,,,,,,
1.5674049691556,43.4891183825092,117955247,yes,,,,,,,,,,,,,,,,
1.5675933,43.4892182,117955333,yes,,,,,,,,,,,,,,,,
1.56759042786059,43.4889633434563,117955163,detached,,,,,,,,,,,,,,,,
1.56787544655196,43.4889060078859,117955312,detached,,,,,,,,,,,,,,,,
1.56780942366357,43.48904695,117955197,shed,,,,,,,,,,,,,,,,
1.56856683839325,43.4866252115664,514028691,apartments,40,,,,,3,gabled,0,Avenue des chenes,,,,,,,
1.56906100240385,43.4875970096616,117798782,house,,,,,,,,,,,,,,,,
1.56907315683708,43.4878681155206,749936878,house,,,,,,,,,,,,,,,,
1.56955833837402,43.4878388834304,117798786,house,,,,,,,,,,,,,,,,
1.56993114934984,43.4871005873534,117798794,house,,,,,,,,,,,,,,,,
1.56983355413252,43.4871955987929,117798807,house,,,,,,,,,,no,,,,,,
1.57067456727725,43.486710014418,117617354,yes,,,,,,,,,,,,,,,,
1.57057016992449,43.4869300120135,117617411,yes,,,,,,,,,,no,,,,,,
1.57064086538367,43.4869370023176,117617296,yes,,,,,,,,,,,,,,,,
1.5707074,43.486945,117617291,yes,,,,,,,,,,no,,,,,,
1.57098182823263,43.4869735874473,117617392,yes,,,,,,,,,,no,,,,,,
1.57054563007551,43.4870229879865,117617440,yes,,,,,,,,,,no,,,,,,
1.57061480884066,43.4870353802242,117617434,yes,,,,,,,,,,,,,,,,
1.57068143406927,43.4870453100056,117617327,yes,,,,,,,,,,no,,,,,,
1.57090240135415,43.4872251509212,117696087,shed,,,,,,,,,,,,,,,,
1.56980006427905,43.4874069939949,117798790,house,,,,,,,,,,,,,,,,
1.57044036524878,43.4874783755536,117696045,detached,,,,,,,,,,,,,,,,
1.57060269375356,43.4873414068494,117696129,shed,,,,,,,,,,,,,,,,
1.57088618698272,43.4875730536654,117696115,house,,,,,,,,,,no,,,,,,
1.57104539885258,43.4875664172656,117696091,yes,,,,,,,,,,no,,,,,,
1.57088894298847,43.4876445743734,117695990,yes,,,,,,,,,,,,,,,,
1.56833790994467,43.4884563027388,117955269,detached,,,,,,,,,,,,,,,,
1.56852615665877,43.4884536428139,117955301,shed,,,,,,,,,,,,,,,,
1.56864956678932,43.4884343916687,117955244,yes,,,,,,,,,,,,,,,,
1.56876477163419,43.4884104339144,117955276,yes,,,,,,,,,,,,,,,,
1.56870627204152,43.4885626098488,117955329,yes,,,,,,,,,,,,,,,,
1.56880310809191,43.4885504689667,117955286,yes,,,,,,,,,,,,,,,,
1.56864374242201,43.4887016749779,117955271,yes,,,,,,,,,,,,,,,,
1.56885881638177,43.4885432778014,117955330,yes,,,,,,,,,,,,,,,,
1.5689713140333,43.4885411875372,117955292,yes,,,,,,,,,,,,,,,,
1.5689600601212,43.4886149103647,117955190,yes,,,,,,,,,,,,,,,,
1.56893414438979,43.488663973192,117955290,yes,,,,,,,,,,,,,,,,
1.56902824378917,43.4882599846465,117798796,apartments,,,,,,,,,,,,,,,,
1.56945461223594,43.4881069767902,117798789,house,,,,,,,,,,no,,,,,,
1.56941345918273,43.4881916425284,117798784,yes,,,,,,,,,,,,,,,,
1.569660490252,43.4882713135472,117798801,yes,,,,,,,,,,,,,,,,
1.56952061334138,43.4885429004574,117798781,school,,,,,,,,,,,,,,,,
1.56859580414516,43.4888898941737,117955306,yes,,,,,,,,,,,,,,,,
1.5684805,43.4890345,117955085,yes,,,,,,,,,,,,,,,,
1.56881520907525,43.4886950010363,117955145,yes,,,,,,,,,,,,,,,,
1.56890806306528,43.4887099876234,117955259,yes,,,,,,,,,,,,,,,,
1.56885695731117,43.4887999851144,117955140,yes,,,,,,,,,,,,,,,,
1.56873670449057,43.488881899863,117955237,yes,,Maison des associations,,,,,,,,,,,,,,
1.56864310531915,43.4891130570848,117955073,yes,,,,,,,,,,,,,,,,
1.56960936112187,43.4887264021791,117798803,school,,,,,,,,,,no,,,,,,
1.5694397726442,43.4889123606956,117798785,yes,,,,,,,,,,no,,,,,,
1.56942911198609,43.4890171158877,117798800,yes,,,,,,,,,,,,,,,,
1.56952123703373,43.4891839492372,117798795,yes,,,,,,,,,,no,,,,,,
1.56992182507779,43.4881695954373,117798806,yes,,,,,,,,,,,,,,,,
1.56972360818837,43.4882762589834,117798805,yes,,,,,,,,,,no,,,,,,
1.56971141238553,43.4883226211146,117798788,yes,,,,,,,,,,no,,,,,,
1.56984829326774,43.4886102274013,117798798,school,,,,,,,,,,no,,,,,,
1.57074761178721,43.4884730636606,117798799,yes,,,,,,,,,,,,,,,,
1.57071939271392,43.4886524951357,117798802,yes,,,,,,,,,,,,,,,,
1.56981016819261,43.4886982229435,117798791,school,,,,,,,,,,no,,,,,,
1.56994683334444,43.4887645561022,117798793,school,,,,,,,,,,,,,,,,
1.56970877896308,43.4890224026704,117798797,yes,,,,,,,,,,no,,,,,,
1.5697777,43.4889889,117798792,yes,,,,,,,,,,,,,,,,
1.57002657446881,43.4888214015107,117798787,school,,,,,,,,,,no,,,,,,
1.57031855573453,43.4887673500739,117798783,yes,,,,,,,,,,,,,,,,
1.57007741999589,43.4889076282635,117798808,school,,,,,,,,,,,,,,,,
1.57025326283049,43.4892908072918,117808557,yes,,,,,,,,,,,,,,,,
1.57054624371418,43.489025517252,117808572,yes,,,,,,,,,,,,,,,,
1.57102751202758,43.4889825953423,117808525,yes,,,,,,,,,,,,,,,,
1.57074161323774,43.489190641991,117808546,yes,,,,,,,,,,,,,,,,
1.57076609668219,43.4891296534059,117808531,yes,,,,,,,,,,no,,,,,,
1.57104550918499,43.4890369216393,117808539,yes,,,,,,,,,,no,,,,,,
1.5622424,43.4894125,117955102,yes,,,,,,,,,,,,,,,,
1.56325962743394,43.4896059288565,117955291,yes,,,,,,,,,,,,,,,,
1.56388044028967,43.4895167940682,117955055,yes,,,,,,,,,,no,,,,,,
1.56384504087507,43.489554806699,117955134,yes,,,,,,,,,,,,,,,,
1.5653065,43.4893848,117955183,yes,,,,,,,,,,no,,,,,,
1.56389087897536,43.491115515684,117955069,yes,,,,,,,,,,,,,,,,
1.56409961963924,43.4912917462857,117955131,yes,,,,,,,,,,no,,,,,,
1.56434890937258,43.4913992615976,117955257,yes,,,,,,,,,,,,,,,,
1.56441859717933,43.4913764987276,117955370,yes,,,,,,,,,,no,,,,,,
1.5648618,43.4913416,117955059,yes,,,,,,,,,,,,,,,,
1.56543508216178,43.4908118949956,117955366,yes,,,,,,,,,,,,,,,,
1.56490148268055,43.4911788993114,117955064,yes,,,,,,,,,,,,,,,,
1.56508909938901,43.4912645136812,117955263,yes,,,,,,,,,,,,,,,,
1.56461355511834,43.491721657818,117955118,yes,,,,,,,,,,,,,,,,
1.56455034604385,43.4914899994274,117955288,yes,,,,,,,,,,,,,,,,
1.5642189831125,43.4922143068106,117955228,yes,,,,,,,,,,,,,,,,
1.56680169791514,43.4895159994009,117955157,yes,,,,,,,,,,no,,,,,,
1.56683458528675,43.4895704854356,117955229,yes,,,,,,,,,,,,,,,,
1.56686174249638,43.4896014949637,117955192,yes,,,,,,,,,,no,,,,,,
1.56581709369427,43.4902051019674,117955068,yes,,,,,,,,,,,,,,,,
1.56605126823584,43.490407402023,117955078,yes,,,,,,,,,,no,,,,,,
1.5661305,43.4903544,117955096,yes,,,,,,,,,,no,,,,,,
1.56577744388703,43.4906388343329,117955116,yes,,,,,,,,,,,,,,,,
1.56614920845773,43.4904146724331,117955155,yes,,,,,,,,,,,,,,,,
1.56616527796062,43.4904669729531,117955084,yes,,,,,,,,,,no,,,,,,
1.5668686590392,43.4901745004203,117955087,yes,,,,,,,,,,,,,,,,
1.56688470764664,43.4903121780289,117955221,yes,,,,,,,,,,,,,,,,
1.5665666882039,43.4904803352561,117955103,yes,,,,,,,,,,,,,,,,
1.56706620017535,43.4894084822924,117955189,yes,,,,,,,,,,no,,,,,,
1.56708338563909,43.4894450471129,117955273,yes,,,,,,,,,,,,,,,,
1.56720533724741,43.4894600144417,117955114,yes,,,,,,,,,,no,,,,,,
1.56704904806834,43.4898409442969,117955227,yes,,,,,,,,,,no,,,,,,
1.56709977725527,43.48984647721,117955307,yes,,,,,,,,,,,,,,,,
1.56742895503179,43.4897979714751,117955146,yes,,,,,,,,,,,,,,,,
1.56804259267258,43.4896927925499,117955177,yes,,,,,,,,,,,,,,,,
1.56824248173742,43.489669898595,117955327,yes,,,,,,,,,,,,,,,,
1.56781739999642,43.4898763735329,117955202,yes,,,,,,,,,,no,,,,,,
1.56786503336506,43.4899374020635,117955188,yes,,,,,,,,,,,,,,,,
1.5680068653434,43.4898510512169,117955284,yes,,,,,,,,,,,,,,,,
1.56815248915924,43.4897597320503,117955303,yes,,,,,,,,,,,,,,,,
1.56826344753321,43.489767814672,117955100,yes,,,,,,,,,,,,,,,,
1.56713512222703,43.4901369950687,117955097,yes,,,,,,,,,,no,,,,,,
1.56719272399004,43.4901408144466,117955162,yes,,,,,,,,,,,,,,,,
1.56782945992555,43.4902259985054,117955148,yes,,,,,,,,,,,,,,,,
1.5681215,43.4902145,117955255,yes,,,,,,,,,,no,,,,,,
1.56803457934827,43.4902560032845,117955316,yes,,,,,,,,,,no,,,,,,
1.56810846375939,43.4902685603393,117955072,yes,,,,,,,,,,,,,,,,
1.5677245,43.4905295,117955245,yes,,,,,,,,,,no,,,,,,
1.56773578288263,43.490596130982,117955214,yes,,,,,,,,,,,,,,,,
1.56804294716936,43.490902006858,117955112,yes,,,,,,,,,,,,,,,,
1.56896678870879,43.4899203085282,117808559,yes,,,,,,,,,,no,,,,,,
1.56957363427986,43.4895334973536,117808526,yes,,,,,,,,,,,,,,,,
1.56914148443294,43.4897733002428,117808527,yes,,,,,,,,,,,,,,,,
1.56848111559503,43.4907480142201,117955206,yes,,,,,,,,,,,,,,,,
1.56942745695735,43.490193054255,117808579,yes,,,,,,,,,,no,,,,,,
1.56945415504784,43.4901861386407,117808558,yes,,,,,,,,,,no,,,,,,
1.56958084196271,43.4901405992413,117808515,yes,,,,,,,,,,,,,,,,
1.56990626439044,43.4894241688789,117808580,yes,,,,,,,,,,,,,,,,
1.56982449614084,43.4895700873436,117808533,yes,,,,,,,,,,,,,,,,
1.56981767145837,43.4896100982437,117808573,yes,,,,,,,,,,,,,,,,
1.56980956717329,43.4897096086648,117808554,yes,,,,,,,,,,,,,,,,
1.5698450623719,43.4895981709252,117808548,yes,,,,,,,,,,,,,,,,
1.56984570813206,43.4896333834735,117808504,yes,,,,,,,,,,,,,,,,
1.56998935815038,43.4897856068789,117808514,yes,,,,,,,,,,no,,,,,,
1.56998676703354,43.4898435955748,117808521,yes,,,,,,,,,,no,,,,,,
1.57007564543059,43.489783380326,117808491,yes,,,,,,,,,,,,,,,,
1.57017967089043,43.4899599941839,117808567,yes,,,,,,,,,,,,,,,,
1.57050154076712,43.4894949795482,117808568,yes,,,,,,,,,,,,,,,,
1.57088641204942,43.4897101477057,744137730,house,,,,,,1,,,,,,,,,,
1.57073807729311,43.4897703017788,744137729,house,,,,,,1,,,,,,,,,,
1.57012183281892,43.4901569032713,117808534,yes,,,,,,,,,,,,,,,,
1.57028154764956,43.4901964115325,117808541,yes,,,,,,,,,,no,,,,,,
1.5702722616031,43.4902468994621,117808574,yes,,,,,,,,,,no,,,,,,
1.5703159985084,43.4903009076748,117808490,yes,,,,,,,,,,,,,,,,
1.56973932154361,43.4905041013563,117808519,yes,,,,,,,,,,no,,,,,,
1.56974152793531,43.4905630929991,117808496,yes,,,,,,,,,,,,,,,,
1.56998123038601,43.490526998129,117808552,yes,,,,,,,,,,,,,,,,
1.56977233475523,43.49071086241,117808576,yes,,,,,,,,,,,,,,,,
1.56980032566906,43.490664787707,117808497,yes,,,,,,,,,,no,,,,,,
1.57025332621742,43.4904567475974,117808562,yes,,,,,,,,,,,,,,,,
1.57027816004026,43.4905311102416,117808486,yes,,,,,,,,,,,,,,,,
1.57036437990976,43.4901798846643,117808547,yes,,,,,,,,,,,,,,,,
1.5704125,43.4906931,117808538,yes,,,,,,,,,,no,,,,,,
1.57051277261159,43.4905766712226,117808571,yes,,,,,,,,,,,,,,,,
1.57081253639071,43.4907055834819,117808530,yes,,,,,,,,,,no,,,,,,
1.569375,43.490824,117808551,yes,,,,,,,,,,,,,,,,
1.56947842065595,43.4909667005628,117808577,yes,,,,,,,,,,,,,,,,
1.5695189,43.4909612,117808543,yes,,,,,,,,,,no,,,,,,
1.56927409981625,43.4912182284117,117955373,detached,9,,,,,1,many,2,Place Sol du Planties,,31450,,,,,
1.56967439301211,43.490769118856,117808563,yes,,,,,,,,,,,,,,,,
1.56971838190015,43.4907603119133,117808518,yes,,,,,,,,,,no,,,,,,
1.56994684057053,43.4908706062351,117808524,yes,,,,,,,,,,,,,,,,
1.57024955283917,43.4910125887891,117808545,yes,,,,,,,,,,,,,,,,
1.57084409963745,43.4908941073196,117808510,yes,,,,,,,,,,,,,,,,
1.57050292051428,43.4912085967857,117808544,yes,,,,,,,,,,,,,,,,
1.57068870083098,43.4913553116537,117808542,yes,,,,,,,,,,,,,,,,
1.56972951499816,43.4915450003619,117955204,detached,11,,,,,1,hipped,2,Place Sol du Planties,,31450,,,,,
1.57054403685606,43.4914758963201,117808561,yes,,,,,,,,,,no,,,,,,
1.57057740001141,43.4915039075777,117808582,yes,,,,,,,,,,,,,,,,
1.57090069276325,43.4914571017672,117808517,yes,,,,,,,,,,no,,,,,,
1.57099070942465,43.4915367012807,117808536,house,,,,,,,,,,,,,,,,
1.57079810099519,43.4916743816832,117808581,yes,,,,,,,,,,,,,,,,
1.57127520321115,43.4857318940164,117617443,yes,,,,,,,,,,,,,,,,
1.571309,43.4857759,117617433,yes,,,,,,,,,,no,,,,,,
1.57160730777353,43.4858502016811,117617309,yes,,,,,,,,,,,,,,,,
1.5716905,43.4857779,117617437,yes,,,,,,,,,,no,,,,,,
1.57179477446121,43.4859039021276,117617365,yes,,,,,,,,,,no,,,,,,
1.57128754786007,43.4861168999503,117617436,yes,,,,,,,,,,,,,,,,
1.5715406,43.4860864,117617413,yes,,,,,,,,,,,,,,,,
1.5714933,43.4862152,117617410,yes,,,,,,,,,,no,,,,,,
1.57159434470071,43.4861847039858,117617288,yes,,,,,,,,,,no,,,,,,
1.57158647470183,43.4862231948889,117617317,yes,,,,,,,,,,,,,,,,
1.57172105634778,43.4862423196893,117617417,yes,,,,,,,,,,no,,,,,,
1.57168289234781,43.4862816954894,117617375,yes,,,,,,,,,,,,,,,,
1.57127269520743,43.4863791999336,117617421,yes,,,,,,,,,,,,,,,,
1.5716693,43.4863352,117617280,yes,,,,,,,,,,no,,,,,,
1.57156685530175,43.48661039706,117617361,yes,,,,,,,,,,,,,,,,
1.57172710210487,43.4866325998597,117617318,yes,,,,,,,,,,,,,,,,
1.57178072492226,43.485972245669,117617329,yes,,,,,,,,,,,,,,,,
1.5717427,43.4859979,117617292,yes,,,,,,,,,,no,,,,,,
1.57187149007791,43.486027450898,117617279,yes,,,,,,,,,,,,,,,,
1.57183937328423,43.4860534008015,117617282,yes,,,,,,,,,,no,,,,,,
1.57192805794805,43.4859978977074,117617386,yes,,,,,,,,,,no,,,,,,
1.57205999661929,43.4860820069112,117617322,yes,,,,,,,,,,,,,,,,
1.57203615590771,43.4861080061654,117617351,yes,,,,,,,,,,no,,,,,,
1.572083,43.486031,117617360,yes,,,,,,,,,,no,,,,,,
1.57212190096728,43.4861235999799,117617408,yes,,,,,,,,,,no,,,,,,
1.57216476378707,43.4861802968395,117617441,yes,,,,,,,,,,no,,,,,,
1.57224628421521,43.4861729308283,117617429,yes,,,,,,,,,,,,,,,,
1.57225115598212,43.4861258534741,117617348,yes,,,,,,,,,,no,,,,,,
1.5718344806793,43.4863720060134,117617438,yes,,,,,,,,,,,,,,,,
1.57179943391412,43.4864047514621,117617321,yes,,,,,,,,,,no,,,,,,
1.5719214,43.4864265,117617402,yes,,,,,,,,,,,,,,,,
1.57195455946669,43.486444996422,117617289,yes,,,,,,,,,,,,,,,,
1.57182729664978,43.4864920954026,117617285,yes,,,,,,,,,,no,,,,,,
1.57186792735933,43.4865265955193,117617304,yes,,,,,,,,,,,,,,,,
1.57180314927029,43.4865801022273,117617364,yes,,,,,,,,,,no,,,,,,
1.5717791,43.4866021,117617332,yes,,,,,,,,,,no,,,,,,
1.57219035546344,43.486575803157,117617310,yes,,,,,,,,,,,,,,,,
1.5722225,43.4865948,117617399,yes,,,,,,,,,,,,,,,,
1.5725203,43.4862689,117617293,yes,,,,,,,,,,no,,,,,,
1.57249695823396,43.4863194023202,117617357,yes,,,,,,,,,,,,,,,,
1.5724733,43.4863459,117617412,yes,,,,,,,,,,no,,,,,,
1.5725588,43.4863614,117617414,yes,,,,,,,,,,no,,,,,,
1.5726893,43.4863629,117617445,yes,,,,,,,,,,no,,,,,,
1.5726022354489,43.4864177441871,117617334,yes,,,,,,,,,,no,,,,,,
1.5726328038907,43.4863918995056,117617359,yes,,,,,,,,,,,,,,,,
1.5727417,43.4865465,117617377,yes,,,,,,,,,,no,,,,,,
1.57279197423196,43.4864694963003,117617372,yes,,,,,,,,,,no,,,,,,
1.57276412148373,43.4865194915367,117617370,yes,,,,,,,,,,,,,,,,
1.57283977801285,43.4866000065468,117617439,yes,,,,,,,,,,no,,,,,,
1.57287662196719,43.4865690028891,117617306,yes,,,,,,,,,,,,,,,,
1.57295267714218,43.4865400507448,117617390,yes,,,,,,,,,,no,,,,,,
1.57437732220825,43.4845360029947,117767886,yes,,,,,,,,,,no,,,,,,
1.5742455,43.484625,117767880,yes,,,,,,,,,,no,,,,,,
1.57436164852459,43.4846272796157,117767883,yes,,,,,,,,,,,,,,,,
1.574226,43.485185,117767884,yes,,,,,,,,,,,,,,,,
1.57497624117112,43.4851514966457,117767887,yes,,,,,,,,,,no,,,,,,
1.5747357195482,43.4852849986636,117767881,yes,,,,,,,,,,,,,,,,
1.5711267491813,43.4866759991897,117617316,yes,,,,,,,,,,,,,,,,
1.57105404535155,43.4869134403176,117617356,yes,,,,,,,,,,no,,,,,,
1.57105649431271,43.4869551539227,117617430,detached,,,,,,,,,,,,,,,,
1.57120536693393,43.4869255969845,117617290,yes,,,,,,,,,,no,,,,,,
1.57119771269517,43.4869543691338,117617300,yes,,,,,,,,,,,,,,,,
1.57137899800739,43.4868647000672,117617398,yes,,,,,,,,,,no,,,,,,
1.57135591944892,43.4869626881464,117617367,yes,,,,,,,,,,no,,,,,,
1.57154043976425,43.4866338988191,117617307,yes,,,,,,,,,,,,,,,,
1.57147586312725,43.4867767567562,117617323,yes,,,,,,,,,,no,,,,,,
1.57168398106173,43.4867023523176,117617407,yes,,,,,,,,,,no,,,,,,
1.57171184194633,43.4866837226146,117617286,yes,,,,,,,,,,no,,,,,,
1.57162345654248,43.4867271566722,117617298,yes,,,,,,,,,,,,,,,,
1.5715661,43.4867826,117617339,yes,,,,,,,,,,no,,,,,,
1.57158833768133,43.4867621036659,117617416,yes,,,,,,,,,,no,,,,,,
1.57167877328467,43.4867425953372,117617301,yes,,,,,,,,,,no,,,,,,
1.57150848602911,43.4868238505482,117617294,yes,,,,,,,,,,,,,,,,
1.57155990719034,43.4868551941532,117617353,yes,,,,,,,,,,no,,,,,,
1.57141727083568,43.4869131006466,117617336,yes,,,,,,,,,,,,,,,,
1.57148474904065,43.4869294462419,117617303,yes,,,,,,,,,,no,,,,,,
1.5712136,43.4870246,117617308,yes,,,,,,,,,,no,,,,,,
1.5712826572602,43.4869917748838,117617333,yes,,,,,,,,,,no,,,,,,
1.57159476790933,43.4871269223902,183778386,yes,,,,,,,,,,no,,,,,,
1.57164986006806,43.4871083980613,183778406,yes,,,,,,,,,,,,,,,,
1.57146580456602,43.4871729834795,183778421,yes,,,,,,,,,,no,,,,,,
1.57148101558683,43.4872769003944,183778390,yes,,,,,,,,,,no,,,,,,
1.5717597308383,43.4866691101941,117617394,yes,,,,,,,,,,no,,,,,,
1.57210997530489,43.4866708171259,117617425,yes,,,,,,,,,,,,,,,,
1.57215780335021,43.4866893045974,117617284,yes,,,,,,,,,,no,,,,,,
1.57227754620315,43.4866687999335,117617338,yes,,,,,,,,,,no,,,,,,
1.5723122193207,43.4866355939866,117617409,yes,,,,,,,,,,,,,,,,
1.57240597478779,43.4867329031605,117617342,yes,,,,,,,,,,no,,,,,,
1.572134424847,43.4870400401573,117617299,yes,,,,,,,,,,,,,,,,
1.57116036225609,43.4873438974178,117696116,detached,,,,,,,,,,,,,,,,
1.57115948565111,43.4875335312358,117696049,detached,,,,,,,,,,,,,,,,
1.57110291293712,43.4876508209757,117696104,garage,,,,,,,,,,,,,,,,
1.57159264832783,43.4873960861561,117696120,detached,,,,,,,,,,,,,,,,
1.5716847,43.4873952,117695982,yes,,,,,,,,,,no,,,,,,
1.57146217570331,43.4874957004536,117696000,detached,,,,,,,,,,,,,,,,
1.57129175729144,43.4879118807065,117696132,detached,,,,,,,,,,,,,,,,
1.57139751528829,43.4877384043778,117696125,detached,,,,,,,,,,,,,,,,
1.57166449988434,43.4877445936702,183778400,yes,,,,,,,,,,no,,,,,,
1.57169999609862,43.4877276023256,183778404,yes,,,,,,,,,,,,,,,,
1.57149559187889,43.4879595980213,117696083,yes,,,,,,,,,,,,,,,,
1.57172818981128,43.4879290992671,117695987,yes,,,,,,,,,,,,,,,,
1.57240495436195,43.4873717915103,117696124,yes,,,,,,,,,,,,,,,,
1.57234540285119,43.4874506692144,117696134,yes,,,,,,,,,,,,,,,,
1.57238605122325,43.4874678918459,117696099,yes,,,,,,,,,,no,,,,,,
1.57224337777164,43.4875879992011,117696123,yes,,,,,,,,,,,,,,,,
1.57229829940616,43.4875729936265,117696131,yes,,,,,,,,,,no,,,,,,
1.5723407827397,43.4876539927482,117696071,yes,,,,,,,,,,no,,,,,,
1.57229272218479,43.4876819332978,117696007,yes,,,,,,,,,,,,,,,,
1.57235396886206,43.487778113219,117696127,yes,,,,,,,,,,,,,,,,
1.57226152838609,43.4880094026609,117696078,yes,,,,,,,,,,,,,,,,
1.5723725,43.4879784,117696027,yes,,,,,,,,,,,,,,,,
1.5723883,43.488005,117696035,yes,,,,,,,,,,no,,,,,,
1.5724793489668,43.4867039040163,117617362,yes,,,,,,,,,,,,,,,,
1.57251633264994,43.4866728719354,117617420,yes,,,,,,,,,,no,,,,,,
1.57258961337346,43.4867710302096,117617383,yes,,,,,,,,,,,,,,,,
1.572624,43.4867479,117617331,yes,,,,,,,,,,no,,,,,,
1.5726075,43.4868264,117617312,yes,,,,,,,,,,no,,,,,,
1.57284417440964,43.4868421644919,117617404,yes,,,,,,,,,,no,,,,,,
1.57283902883505,43.4868865992454,117617325,yes,,,,,,,,,,,,,,,,
1.5724604028512,43.4873006692144,117696136,yes,,,,,,,,,,,,,,,,
1.57250105122325,43.4873178918459,117696110,yes,,,,,,,,,,no,,,,,,
1.57301564413532,43.4870551549542,117617326,yes,,,,,,,,,,no,,,,,,
1.57310454946515,43.4870547004725,117617358,yes,,,,,,,,,,,,,,,,
1.57312394082315,43.4866763005989,117617314,yes,,,,,,,,,,,,,,,,
1.5732984,43.4867844,117617340,yes,,,,,,,,,,no,,,,,,
1.5734019,43.4868149,117617311,yes,,,,,,,,,,,,,,,,
1.5737411,43.4867992,117617283,yes,,,,,,,,,,no,,,,,,
1.5736927488198,43.4868553005467,117617378,yes,,,,,,,,,,,,,,,,
1.573456,43.4871143,117617295,yes,,,,,,,,,,no,,,,,,
1.57346804495565,43.4871657954137,117617302,yes,,,,,,,,,,,,,,,,
1.57244205122325,43.4873958918459,117695992,yes,,,,,,,,,,no,,,,,,
1.5726699,43.4873942,117696066,yes,,,,,,,,,,no,,,,,,
1.57272191646333,43.487382611879,117696003,yes,,,,,,,,,,,,,,,,
1.57271329093764,43.4874771929304,117696012,yes,,,,,,,,,,no,,,,,,
1.57276547062482,43.4874655182113,117696122,yes,,,,,,,,,,,,,,,,
1.57281250906236,43.4875432070696,117696079,yes,,,,,,,,,,no,,,,,,
1.57286438965372,43.4875310518974,117696080,yes,,,,,,,,,,,,,,,,
1.57289814687186,43.4876122386649,117695980,yes,,,,,,,,,,,,,,,,
1.5728534,43.4876212,117696111,yes,,,,,,,,,,no,,,,,,
1.57248305200243,43.4879474049368,117696133,yes,,,,,,,,,,,,,,,,
1.5724995,43.4879739,117696076,yes,,,,,,,,,,no,,,,,,
1.57259088413322,43.4879113961876,117696018,yes,,,,,,,,,,,,,,,,
1.57260502317536,43.4879449302338,117696074,yes,,,,,,,,,,no,,,,,,
1.57290926498707,43.4878151770561,117696126,yes,,,,,,,,,,,,,,,,
1.57301595405702,43.4877811985442,117696128,yes,,,,,,,,,,,,,,,,
1.5730285,43.4878147,117696135,yes,,,,,,,,,,no,,,,,,
1.572837,43.4878482,117696070,yes,,,,,,,,,,no,,,,,,
1.57292748094329,43.4878430378198,117696106,yes,,,,,,,,,,no,,,,,,
1.57329930743899,43.4873537005185,117617313,yes,,,,,,,,,,,,,,,,
1.57371757321777,43.4875367689913,117617442,yes,,,,,,,,,,,,,,,,
1.57377289330643,43.4875583016098,117617355,yes,,,,,,,,,,no,,,,,,
1.57323432109271,43.4877101930321,117696089,yes,,,,,,,,,,,,,,,,
1.57312854485617,43.4877557042263,117696109,yes,,,,,,,,,,,,,,,,
1.57314222617644,43.4877830926047,117696130,yes,,,,,,,,,,no,,,,,,
1.57325455141149,43.4877522322208,117696105,yes,,,,,,,,,,no,,,,,,
1.57334162936631,43.4876716726111,117696065,yes,,,,,,,,,,,,,,,,
1.57336149429965,43.4877132010792,117696107,yes,,,,,,,,,,no,,,,,,
1.57342359600611,43.4879784042259,117696085,yes,,,,,,,,,,no,,,,,,
1.5735172875029,43.4879449054207,117695994,yes,,,,,,,,,,,,,,,,
1.57374147371404,43.4878750831242,117696121,yes,,,,,,,,,,,,,,,,
1.57134830103857,43.488015094579,117696072,apartments,,,,,,,,,,,,,,,,
1.5713090020081,43.4882906522525,117696097,yes,,,,,,,,,,,,,,,,
1.5713909,43.4881109,117696067,yes,,,,,,,,,,no,,,,,,
1.57151416485964,43.4881142496426,117696058,yes,,,,,,,,,,,,,,,,
1.57157471557794,43.4880328967666,117696103,yes,,,,,,,,,,no,,,,,,
1.57171135667207,43.4882375988104,117696137,yes,,,,,,,,,,,,,,,,
1.57111787302055,43.4884302213345,117696108,yes,,,,,,,,,,,,,,,,
1.57125908201049,43.4883942014772,117696041,yes,,,,,,,,,,,,,,,,
1.57146248391651,43.4883838990263,117696113,yes,,,,,,,,,,,,,,,,
1.57191930245211,43.4880744000795,117696034,yes,,,,,,,,,,,,,,,,
1.57203258521161,43.4880492940377,117696069,yes,,,,,,,,,,,,,,,,
1.57204907696327,43.4880758968346,117696056,yes,,,,,,,,,,no,,,,,,
1.57193438828032,43.4881076808765,117696112,yes,,,,,,,,,,no,,,,,,
1.57174787928815,43.4882665971292,117696025,yes,,,,,,,,,,no,,,,,,
1.57214051727715,43.4880184321123,117696017,yes,,,,,,,,,,,,,,,,
1.57215297682463,43.4880468697662,117695979,yes,,,,,,,,,,no,,,,,,
1.5722765177979,43.4880359313131,117696073,yes,,,,,,,,,,no,,,,,,
1.57225189812277,43.4883300001096,117696004,yes,,,,,,,,,,,,,,,,
1.57188637212987,43.4885905213409,183778407,yes,,,,,,,,,,no,,,,,,
1.57195974554854,43.4885594915558,183778380,yes,,,,,,,,,,,,,,,,
1.5715164419879,43.4887129001728,117696075,yes,,,,,,,,,,no,,,,,,
1.571488579334,43.4888061645504,117696093,yes,,,,,,,,,,,,,,,,
1.57160953251441,43.4890381979793,117695989,yes,,,,,,,,,,,,,,,,
1.57194803480941,43.4891110198838,117696068,yes,,,,,,,,,,no,,,,,,
1.57190955430957,43.4891557518031,117696102,yes,,,,,,,,,,,,,,,,
1.57187710577632,43.4893671296886,749932108,house,,,,,,,,,,,,,,,,
1.57216351527083,43.4890960818885,183778415,yes,,,,,,,,,,no,,,,,,
1.57221086582061,43.4891398074193,183778417,yes,,,,,,,,,,,,,,,,
1.5722922,43.4891173,183778396,yes,,,,,,,,,,no,,,,,,
1.57268905540577,43.4881836001863,117695995,yes,,,,,,,,,,no,,,,,,
1.57273712523013,43.4882460134946,117696011,yes,,,,,,,,,,,,,,,,
1.57259412186208,43.488274102262,117696077,yes,,,,,,,,,,,,,,,,
1.57269771299912,43.4883500883367,117696026,yes,,,,,,,,,,,,,,,,
1.57256184696355,43.4886243958985,183778393,yes,,,,,,,,,,,,,,,,
1.57330554404081,43.4881274012676,117696062,yes,,,,,,,,,,,,,,,,
1.57344080781002,43.4882108990056,117696046,yes,,,,,,,,,,no,,,,,,
1.57340999908072,43.4882508403037,117696008,yes,,,,,,,,,,,,,,,,
1.57350816787847,43.4880674019415,117696119,yes,,,,,,,,,,,,,,,,
1.57351636374229,43.4881179018758,117695985,yes,,,,,,,,,,,,,,,,
1.5737635877352,43.4880891261848,117696114,yes,,,,,,,,,,,,,,,,
1.57351586039075,43.4884387164551,391911352,yes,,,,,,,,,,,,,,,,
1.57243817767184,43.4888542963702,117696084,yes,,,,,,,,,,,,,,,,
1.57297298873665,43.4887140909485,117696118,yes,,,,,,,,,,,,,,,,
1.57277518717185,43.48887665479,117695999,yes,,,,,,,,,,,,,,,,
1.57242266381401,43.4893719503835,749619763,house,,,,,,,,,,,,,,,,
1.57252676979147,43.4893210146654,749619764,house,,,,,,,,,,,,,,,,
1.57278230298569,43.489090628018,391911349,yes,,,,,,,,,,,,,,,,
1.57294780455153,43.4893703915416,391911428,yes,,,,,,,,,,,,,,,,
1.57308035068141,43.4893299082076,391911345,yes,,,,,,,,,,,,,,,,
1.57318435933827,43.4890564410538,391911409,yes,,,,,,,,,,,,,,,,
1.573503,43.4887479,391911359,yes,,,,,,,,,,no,,,,,,
1.57349304301596,43.4887844739802,391911348,yes,,,,,,,,,,,,,,,,
1.5735940546617,43.488791887523,391911404,yes,,,,,,,,,,no,,,,,,
1.57372067642172,43.4889119058904,391911382,yes,,,,,,,,,,,,,,,,
1.57337956156716,43.4892098715194,391911364,yes,,,,,,,,,,no,,,,,,
1.57341510698382,43.4892566434792,391911350,yes,,,,,,,,,,,,,,,,
1.57356649198966,43.4890602061591,391911357,yes,,,,,,,,,,no,,,,,,
1.57356107331662,43.4891059180716,391911417,yes,,,,,,,,,,,,,,,,
1.57359023373531,43.489147714224,391911392,yes,,,,,,,,,,no,,,,,,
1.57345943271934,43.4892842078531,391911375,yes,,,,,,,,,,no,,,,,,
1.57409498336891,43.4868676200147,117617297,yes,,,,,,,,,,no,,,,,,
1.57400774071266,43.486893090213,117617343,yes,,,,,,,,,,,,,,,,
1.57430683975174,43.4869811678659,117617350,yes,,,,,,,,,,,,,,,,
1.57387125675691,43.4872195876525,117617328,yes,,,,,,,,,,no,,,,,,
1.57396218755023,43.4871841077447,117617281,yes,,,,,,,,,,no,,,,,,
1.57397286662336,43.4872208474223,117617397,yes,,,,,,,,,,,,,,,,
1.57427976526812,43.4870270570105,117617330,yes,,,,,,,,,,no,,,,,,
1.5744909,43.4871179,117617305,yes,,,,,,,,,,,,,,,,
1.57469282028975,43.48726377855,117617335,yes,,,,,,,,,,no,,,,,,
1.57421784477352,43.4874299139081,117617324,yes,,,,,,,,,,,,,,,,
1.57401525503694,43.487845340321,117696117,yes,,,,,,,,,,,,,,,,
1.57428170375765,43.4877520853853,117696081,yes,,,,,,,,,,no,,,,,,
1.57463043948845,43.4873262735561,117617320,yes,,,,,,,,,,,,,,,,
1.57488097234172,43.4876579506707,391911384,house,,,,,,,,,,no,,,,,,
1.57480908035042,43.4877279469317,391911388,house,,,,,,,,,,no,,,,,,
1.57486847079692,43.4877229652679,391911353,yes,,,,,,,,,,,,,,,,
1.57482492978111,43.4879938110423,391911378,house,,,,,,,,,,no,,,,,,
1.57491150463818,43.4879936929503,391911347,yes,,,,,,,,,,,,,,,,
1.5759172908478,43.4873042481865,122426450,yes,,,,,,,,,,,,,,,,
1.57551109569707,43.4876038720903,122426447,yes,,,,,,,,,,no,,,,,,
1.57579133456304,43.487388480149,122426446,yes,,,,,,,,,,no,,,,,,
1.57553080766467,43.487656479625,122426449,yes,,,,,,,,,,,,,,,,
1.57389768749218,43.4880897142168,117696052,yes,,,,,,,,,,,,,,,,
1.57443803608153,43.488051402061,391911361,yes,,,,,,,,,,,,,,,,
1.57438583832161,43.4881134008986,391911377,yes,,,,,,,,,,no,,,,,,
1.57435618698281,43.4881489006323,391911368,yes,,,,,,,,,,,,,,,,
1.57417457536999,43.4883149017626,391911335,yes,,,,,,,,,,,,,,,,
1.57383598041951,43.4885354062542,391911402,yes,,,,,,,,,,,,,,,,
1.57406680547538,43.4885188989259,391911367,yes,,,,,,,,,,no,,,,,,
1.57399933259797,43.4885593990376,391911423,yes,,,,,,,,,,,,,,,,
1.57450674633577,43.4883578927823,391911395,service,,,Enedis,street_cabinet,substation,,,,,,,,,minor_distribution,"20000;400",power
1.57431752890988,43.4887069015688,391911413,yes,,,,,,,,,,,,,,,,
1.57419142367324,43.4888707228694,391911408,yes,,,,,,,,,,,,,,,,
1.57402740167551,43.4890548952286,391911406,yes,,,,,,,,,,,,,,,,
1.57381988939199,43.4892168025892,391911412,yes,,,,,,,,,,no,,,,,,
1.57386565719481,43.4892432395731,391911338,yes,,,,,,,,,,,,,,,,
1.57394573222636,43.4892287453102,391911391,yes,,,,,,,,,,no,,,,,,
1.57450755663896,43.4889822040926,122426432,yes,,,,,,,,,,,,,,,,
1.5749821004194,43.4887783204325,122426455,yes,,,,,,,,,,,,,,,,
1.57503553960669,43.4887057012715,122426431,yes,,,,,,,,,,no,,,,,,
1.57453224395758,43.4892077044047,122426457,yes,,,,,,,,,,,,,,,,
1.5746280147961,43.4892421981408,122426439,yes,,,,,,,,,,no,,,,,,
1.57585798695516,43.4885464927561,122426428,yes,,,,,,,,,,,,,,,,
1.57641065200285,43.4840559488288,117767888,yes,,,,,,,,,,,,,,,,
1.57706033954656,43.4841695239247,117767882,yes,,,,,,,,,,no,,,,,,
1.57723187375802,43.4841003417985,117767885,yes,,,,,,,,,,,,,,,,
1.578181,43.4847695,117767877,yes,,,,,,,,,,,,,,,,
1.57133554562356,43.4895327999745,744137733,house,,,,,,,,,,,,,,,,
1.57118524435186,43.4895921522546,744137732,house,,,,,,,,,,,,,,,,
1.57103671791503,43.489651756979,744137731,house,,,,,,,,,,,,,,,,
1.57150479314472,43.4895001981306,744137734,house,,,,,,,,,,,,,,,,
1.57132041487407,43.4898597927453,744137735,house,,,,,,,,,,,,,,,,
1.57200207767485,43.4895118900518,391911419,house,,,,,,,,,,,,,,,,
1.5722366,43.4893863,391911399,yes,,,,,,,,,,no,,,,,,
1.5722242378655,43.4894353961961,391911342,yes,,,,,,,,,,,,,,,,
1.57218760022555,43.4896967352671,749619757,house,,,,,,,,,,,,,,,,
1.57231804894385,43.4896473997957,749619758,house,,,,,,,,,,,,,,,,
1.57232649054912,43.4898603165937,749619762,house,,,,,,,,,,,,,,,,
1.57111346413801,43.4907082896765,117808537,yes,,,,,,,,,,,,,,,,
1.57113687864849,43.4907398006835,117808556,yes,,,,,,,,,,no,,,,,,
1.57267618577585,43.4895241939833,749619760,house,,,,,,,,,,,,,,,,
1.57255402872198,43.4895672388669,749619759,house,,,,,,,,,,,,,,,,
1.57293467676102,43.4894273988333,391911385,yes,,,,,,,,,,no,,,,,,
1.57278506812448,43.4896887732803,391911329,house,,,,,,,,,,,,,,,,
1.57308621848443,43.4896195488702,749933590,house,,,,,,,,,,,,,,,,
1.57244544306682,43.4898117775555,391911326,house,,,,,,,,,,,,,,,,
1.57266475262309,43.4897324002923,749619761,house,,,,,,,,,,,,,,,,
1.5724788728161,43.4900519299928,391911411,house,,,,,,,,,,,,,,,,
1.57260884633056,43.490011695428,749619768,house,,,,,,,,,,,,,,,,
1.57279316282328,43.4899417578493,749619767,house,,,,,,,,,,,,,,,,
1.57290856382563,43.4899066088765,749619766,house,,,,,,,,,,,,,,,,
1.57320192447129,43.4895794223595,749933591,house,,,,,,,,,,,,,,,,
1.57356428751559,43.4896782965509,391911415,yes,,,,,,,,,,,,,,,,
1.57310661812006,43.4897912193421,749619765,house,,,,,,,,,,,,,,,,
1.57339548752927,43.489838698124,749933592,house,,,,,,,,,,,,,,,,
1.57372867396638,43.4897398005315,391911397,yes,,,,,,,,,,,,,,,,
1.57365046387791,43.4899853441374,749933593,house,,,,,,,,,,,,,,,,
1.57264414824081,43.4903288265037,391911339,yes,,,,,,,,,,,,,,,,
1.5729335,43.4901942,391911343,yes,,,,,,,,,,,,,,,,
1.57288539540964,43.4903013135995,749933589,house,,,,,,,,,,,,,,,,
1.57284814045089,43.4906262183233,749933588,house,,,,,,,,,,,,,,,,
1.57114103363667,43.4910121669067,117808529,yes,,,,,,,,,,,,,,,,
1.571268,43.4912947,117808535,yes,,,,,,,,,,no,,,,,,
1.57133935509006,43.4912781409972,117808570,yes,,,,,,,,,,,,,,,,
1.57135250460319,43.4913972006684,117808495,yes,,,,,,,,,,,,,,,,
1.57234459029219,43.4910798972947,117808550,yes,,,,,,,,,,no,,,,,,
1.57186181825708,43.4912069217681,117808549,yes,,,,,,,,,,,,,,,,
1.57199316864179,43.4914053977442,117808505,yes,,,,,,,,,,,,,,,,
1.57211651507953,43.4911399217694,117808528,yes,,,,,,,,,,no,,,,,,
1.57224672544466,43.4914185076747,117808560,yes,,,,,,,,,,no,,,,,,
1.57234136024308,43.4913904503617,117808555,yes,,,,,,,,,,,,,,,,
1.57242486956214,43.4914372256871,117808575,yes,,,,,,,,,,,,,,,,
1.57123431423053,43.4917324170184,117808578,house,,,,,,,,,,,,,,,,
1.57131703498778,43.4917273011904,117808569,house,,,,,,,,,,no,,,,,,
1.57149232877324,43.4918687927509,117808553,house,,,,,,,,,,no,,,,,,
1.57157454944196,43.4918568000576,117808540,house,,,,,,,,,,,,,,,,
1.5717088,43.4919602,117808520,house,,,,,,,,,,no,,,,,,
1.57228430655435,43.4914969845931,117808522,yes,,,,,,,,,,no,,,,,,
1.57180639226352,43.491990196223,117808501,house,,,,,,,,,,,,,,,,
1.57204944676754,43.4920987393773,117808564,house,,,,,,,,,,,,,,,,
1.57249046221753,43.4913894964944,117808509,yes,,,,,,,,,,no,,,,,,
1.57317291721889,43.4909809950737,391911387,service,,,Enedis,street_cabinet,substation,,,,,,,,,minor_distribution,"20000;400",power
1.57358594147128,43.4909999908736,391911333,yes,,,,,,,,,,,,,,,,
1.573629,43.490996,391911394,yes,,,,,,,,,,no,,,,,,
1.57371361944796,43.4909230048559,391911371,yes,,,,,,,,,,no,,,,,,
1.57334958656452,43.4911112195181,391911416,yes,,,,,,,,,,,,,,,,
1.57355443731112,43.4913651195097,391911328,yes,,,,,,,,,,,,,,,,
1.57374001197423,43.4914714055757,749933587,house,,,,,,,,,,,,,,,,
1.5737972,43.4898258,391911365,yes,,,,,,,,,,no,,,,,,
1.57380623851869,43.4898529116588,391911425,yes,,,,,,,,,,,,,,,,
1.57397931625605,43.4899822014863,391911344,yes,,,,,,,,,,,,,,,,
1.57398940062981,43.4900386920814,391911380,yes,,,,,,,,,,no,,,,,,
1.5742527,43.4897575,391911363,yes,,,,,,,,,,,,,,,,
1.57442733113579,43.4898829991582,391911354,yes,,,,,,,,,,no,,,,,,
1.57441036821637,43.4899292848951,391911424,yes,,,,,,,,,,,,,,,,
1.57476555625134,43.4896038024448,122426419,yes,,,,,,,,,,,,,,,,
1.57472749749014,43.4896618046263,122426435,yes,,,,,,,,,,no,,,,,,
1.574837,43.4896493,122426424,yes,,,,,,,,,,no,,,,,,
1.57408776022447,43.4901252015316,391911337,yes,,,,,,,,,,,,,,,,
1.57412942793331,43.4903518995017,391911421,yes,,,,,,,,,,,,,,,,
1.57415767774666,43.4901213961995,391911372,yes,,,,,,,,,,no,,,,,,
1.5744409,43.4903895,391911398,yes,,,,,,,,,,no,,,,,,
1.57403986508536,43.4905637608156,391911405,yes,,,,,,,,,,,,,,,,
1.57387649856752,43.4907239016248,391911390,yes,,,,,,,,,,no,,,,,,
1.57394856987566,43.4907331795332,391911427,yes,,,,,,,,,,,,,,,,
1.57401472251502,43.4907448924317,391911381,yes,,,,,,,,,,no,,,,,,
1.57443286028668,43.4906126025492,391911420,yes,,,,,,,,,,,,,,,,
1.57449426539917,43.4903317169305,391911340,yes,,,,,,,,,,,,,,,,
1.5745549,43.490378,391911370,yes,,,,,,,,,,no,,,,,,
1.57508661965242,43.4902363071561,122426420,yes,,,,,,,,,,,,,,,,
1.57547796933034,43.4896490002147,122426442,yes,,,,,,,,,,no,,,,,,
1.57544609394918,43.4897487681369,122426445,yes,,,,,,,,,,,,,,,,
1.57555006892999,43.4898685096982,122426425,yes,,,,,,,,,,,,,,,,
1.57518516824883,43.4906219438584,122426448,yes,,,,,,,,,,,,,,,,
1.5743693972656,43.490817487867,391911332,yes,,,,,,,,,,,,,,,,
1.57417976666001,43.4909816152963,391911356,yes,,,,,,,,,,no,,,,,,
1.57422771119572,43.4910089140146,391911330,yes,,,,,,,,,,,,,,,,
1.57383166891483,43.4912019915088,391911360,yes,,,,,,,,,,,,,,,,
1.5741220985349,43.4911954407141,391911334,yes,,,,,,,,,,,,,,,,
1.57492985311738,43.4909249979841,122426426,yes,,,,,,,,,,no,,,,,,
1.57491252666426,43.4909992733877,122426456,yes,,,,,,,,,,,,,,,,
1.57496905213418,43.4910454994238,122426441,yes,,,,,,,,,,no,,,,,,
1.57472749965316,43.4912619447656,122426423,yes,,,,,,,,,,no,,,,,,
1.57477599557594,43.4912704149859,122426453,yes,,,,,,,,,,,,,,,,
1.57475474425547,43.4913990110886,122426452,yes,,,,,,,,,,,,,,,,
1.57515494963241,43.4911499951314,122426430,yes,,,,,,,,,,,,,,,,
1.57483502788136,43.4913070156911,122426427,yes,,,,,,,,,,no,,,,,,
1.57396400229547,43.4915633171944,391911401,yes,,,,,,,,,,,,,,,,
1.57445016448602,43.4917694900712,122426437,yes,,,,,,,,,,,,,,,,
1.574374,43.491825,122426440,yes,,,,,,,,,,no,,,,,,
1.57443887137323,43.4918070140963,122426444,yes,,,,,,,,,,no,,,,,,
1.57446853819535,43.4918469980355,122426436,yes,,,,,,,,,,no,,,,,,
1.57437464245572,43.491902239091,122426422,yes,,,,,,,,,,no,,,,,,
1.57444029475913,43.4919006110093,122426421,yes,,,,,,,,,,,,,,,,
1.57460009150777,43.4915901000851,122426454,yes,,,,,,,,,,,,,,,,
1.57457417794632,43.4917235037151,122426438,yes,,,,,,,,,,,,,,,,
1.57405313608894,43.4922470039899,122426433,house,,,,,,,,,,,,,,,,
1.57673024469067,43.489829496555,122426434,yes,,,,,,,,,,,,,,,,
1.5765455,43.4900245,122426429,yes,,,,,,,,,,no,,,,,,
1.57663304145859,43.4899865220592,122426443,yes,,,,,,,,,,,,,,,,
